{
  "psnr": 25.35896368353605,
  "ssim": 0.8150809407234192,
  "lpips": 0.12690692953765392,
  "psnr_std": 2.349276433064002,
  "ssim_std": 0.0436767041683197,
  "n_images": 24,
  "n_gaussians": 9857671
}