{
  "psnr": 25.41731632780224,
  "ssim": 0.8146827816963196,
  "lpips": 0.1254668397208055,
  "psnr_std": 2.2717023207232785,
  "ssim_std": 0.042342979460954666,
  "n_images": 24,
  "n_gaussians": 9803406
}