{
  "baseline": {
    "psnr": 25.35896368353605,
    "ssim": 0.8150809407234192,
    "lpips": 0.12690692953765392,
    "psnr_std": 2.349276433064002,
    "ssim_std": 0.0436767041683197,
    "n_images": 24,
    "n_gaussians": 9857671
  },
  "depth_reg": {
    "psnr": 25.41731632780224,
    "ssim": 0.8146827816963196,
    "lpips": 0.1254668397208055,
    "psnr_std": 2.2717023207232785,
    "ssim_std": 0.042342979460954666,
    "n_images": 24,
    "n_gaussians": 9803406
  },
  "mcmc": {
    "psnr": 25.999232684799523,
    "ssim": 0.8320816159248352,
    "lpips": 0.1188022665058573,
    "psnr_std": 2.2600708739220616,
    "ssim_std": 0.044284120202064514,
    "n_images": 24,
    "n_gaussians": 3000000
  }
}