{
  "psnr": 25.999232684799523,
  "ssim": 0.8320816159248352,
  "lpips": 0.1188022665058573,
  "psnr_std": 2.2600708739220616,
  "ssim_std": 0.044284120202064514,
  "n_images": 24,
  "n_gaussians": 3000000
}